"排名","代號","名稱","成交","漲跌價","漲跌幅","持股資料年度","政府機構(%)","政府機構增減","僑外投資(%)","僑外投資增減","本國金融機構(%)","本國金融機構增減","本國法人(%)","本國法人增減","本國個人(%)","本國個人增減","庫藏股票(%)","庫藏股票增減"
"301",="3006","晶豪科","157","-7","-4.27","2021","0.31","+0.08","13.8","-2.88","4.62","+3.46","11.4","-0.11","69.9","-0.56","0","0"
"302",="3703","欣陸","25.35","-0.1","-0.39","2021","0.45","+0.06","20","-1.06","4.58","+3.74","41.1","-1","33.9","-1.74","0","0"
"303",="1701","中化","22.4","-0.1","-0.44","2021","0","0","9.5","-0.09","4.56","+0.12","20.6","+0.59","65.4","-0.62","0","0"
"304",="1710","東聯","22.75","-0.65","-2.78","2021","0.03","-0.07","9.11","-0.6","4.55","-1.9","50.3","-0.62","36","+3.17","0","0"
"305",="6155","鈞寶","25.4","-0.1","-0.39","2021","0","0","0.59","-1.92","4.51","-0.04","29.1","-0.05","65.8","+2.01","0","0"
"306",="2845","遠東銀","10.75","-0.1","-0.92","2021","0.44","+0.05","10.6","-1.74","4.5","+0.44","50.8","+0.05","33.7","+1.19","0","0"
"307",="3714","富采","79","-0.1","-0.13","2021","6.45","","17.5","","4.49","","14.1","","57.5","","0",""
"308",="2441","超豐","80","-1.7","-2.08","2021","1.2","+0.66","17","+1.76","4.46","-6.52","49.9","+0.73","27.5","+3.37","0","0"
"309",="8261","富鼎","114","+1","+0.88","2021","0","0","10.4","-16","4.45","+4.45","6.37","-1.14","78.8","+12.6","0","0"
"310",="3092","鴻碩","55.6","-0.4","-0.71","2021","0","0","1.84","+0.09","4.42","+4.42","18.6","+6.65","75.2","-11.2","0","0"
"311",="9962","有益","16.4","-0.35","-2.09","2021","0","0","0.11","+0.11","4.42","-0.02","24.6","-0.24","70.8","+0.15","0","0"
"312",="2603","長榮","117","-2","-1.68","2021","2.64","-3.96","30.9","+7.69","4.36","-3.24","9.82","-0.37","52.3","-0.13","0","0"
"313",="4931","新盛力","19.3","-0.15","-0.77","2021","0","0","34.6","-1.93","4.36","-0.07","8.87","-0.72","52.2","+2.72","0","0"
"314",="2231","為升","176","-2.5","-1.4","2021","0.07","-0.59","8.19","-0.74","4.34","+1.6","26.7","+0.31","60.7","+0.37","0","-0.95"
"315",="1583","程泰","62.5","+0.2","+0.32","2021","0","0","0.23","+0.18","4.31","+0.04","45.6","+0.64","49.8","-0.86","0","0"
"316",="6488","環球晶","810","+2","+0.25","2021","2.69","+0.55","34.3","+4.04","4.28","+0.1","52","-0.21","6.26","-4.48","0.46","0"
"317",="4557","永新-KY","65.2","0","0","2021","0","0","40.1","-0.4","4.26","+0.29","2.37","-0.08","53.2","+0.19","0","0"
"318",="2542","興富發","46.65","+0.05","+0.11","2021","0.03","-0.11","13.5","-5.3","4.24","+3.58","39.7","+0.69","42.5","+1.14","0","0"
"319",="3675","德微","271.5","+24.5","+9.92","2021","0","0","54.3","-44.6","4.21","+4.21","1.24","+0.09","40.3","+40.3","0","0"
"320",="2915","潤泰全","107.5","-3","-2.71","2021","0.05","-0.79","10.4","-7.5","4.2","-2.3","49.6","+3.46","35.7","+7.12","0","0"
"321",="1737","臺鹽","33.35","-0.1","-0.3","2021","38.9","0","9.63","+0.3","4.19","-0.17","9.42","+0.17","37.9","-0.3","0","0"
"322",="2330","台積電","618","+5","+0.82","2021","6.38","0","74.7","-1.15","4.16","-0.65","3.96","-0.24","10.8","+2.04","0","0"
"323",="3548","兆利","58.5","-1.5","-2.5","2021","0","0","4","-6.86","4.12","+0.88","25.4","-1.07","66.5","+7.06","0","0"
"324",="4743","合一","283","+0.5","+0.18","2021","0","0","11.6","+11","4.09","-0.3","32.6","-6.05","51.8","-4.66","0","0"
"325",="5013","強新","37.8","-0.05","-0.13","2021","0","0","2.87","+0.01","4.09","+0.16","43.8","+1.47","49.2","-1.64","0","0"
"326",="6195","詩肯","53.5","-0.5","-0.93","2021","0","0","46.5","-0.51","4.09","-0.24","7.02","+0.19","42.4","+0.56","0","0"
"327",="6182","合晶","67.3","-0.4","-0.59","2021","0","0","10.7","-0.54","4.09","+0.42","6.79","+1.66","78.4","-1.53","0","0"
"328",="5215","科嘉-KY","72.2","-0.4","-0.55","2021","1.1","+1.1","24.5","-5.63","4.06","-4.58","1.57","+1.23","68.8","+7.88","0","0"
"329",="1515","力山","64","-0.3","-0.47","2021","0","0","11.7","+4.12","4.04","+0.19","30.3","+19.8","53.9","-24.1","0","0"
"330",="6706","惠特","209.5","0","0","2021","0","0","7.02","+2.51","4.03","+4.03","27.3","-5.07","61.7","-1.46","0","0"
"331",="9905","大華","26.3","+0.05","+0.19","2021","0","0","3.06","-0.3","4.01","+0.03","60.3","-0.03","32.7","+0.29","0","0"
"332",="6728","上洋","89.7","+0.1","+0.11","2021","0","0","0.2","+0.2","4","-2.28","39","-0.02","56.8","+2.1","0","0"
"333",="8289","泰藝","36.8","-0.8","-2.13","2021","0","0","1.23","-0.04","3.99","+0.25","13.8","-2.37","81","+2.15","0","0"
"334",="6005","群益證","16.7","-0.1","-0.6","2021","0.37","+0.05","18.6","+0.25","3.98","-2.87","43.7","-0.99","33.4","+3.56","0","0"
"335",="6469","大樹","215","-16.5","-7.13","2021","0","0","3.35","-0.44","3.98","+0.81","41.2","-2.52","51.4","+2.15","0","0"
"336",="2727","王品","141.5","-0.5","-0.35","2021","1.42","+1.42","22","+11.7","3.97","+3.57","11.1","+0.08","57.6","-18.2","3.95","+1.43"
"337",="4207","環泰","13.6","-0.2","-1.45","2021","0","0","0.39","+0.38","3.94","-0.29","29.5","+1.19","66.2","-1.28","0","0"
"338",="2890","永豐金","15.1","-0.1","-0.66","2021","0.65","+0.03","27.1","-4.5","3.92","-0.91","36.2","+1.41","32.1","+3.97","0","0"
"339",="6166","凌華","67","0","0","2021","0.08","-0.07","9.51","-2.8","3.92","-1.98","50.7","-0.69","35.8","+5.53","0","0"
"340",="3122","笙泉","67.8","+2.7","+4.15","2021","0","0","2.1","+2.04","3.89","-0.03","14.8","-5.25","79.2","+5.78","0","-2.54"
"341",="9941","裕融","174","-2","-1.14","2021","0","-0.38","5.42","-0.72","3.89","-0.47","60.1","+0.17","30.6","+1.4","0","0"
"342",="2211","長榮鋼","50.8","-0.7","-1.36","2021","0","","0.27","","3.86","","61.5","","33.7","","0.69",""
"343",="3707","漢磊","156","-1","-0.64","2021","0","0","8.38","+3.94","3.84","+3.34","24.6","-1.95","63.1","-5.32","0","0"
"344",="4953","緯軟","87.1","-0.7","-0.8","2021","0","0","9.12","+4.53","3.84","+0.94","28.9","+0.78","56.7","-7.69","1.44","+1.44"
"345",="6153","嘉聯益","25.8","-0.7","-2.64","2021","0.22","-0.09","9.28","-0.71","3.84","+0.59","25.4","+0.45","61.3","-0.24","0","0"
"346",="5203","訊連","91.3","-0.7","-0.76","2021","1.2","+0.07","17.5","-5.96","3.84","+1.58","22.8","+2.45","54.7","+3.04","0","-1.18"
"347",="2723","美食-KY","122.5","-3.5","-2.78","2021","0.35","+0.26","61.9","+9.14","3.83","+0.31","4.21","+0.32","29.7","-10","0","0"
"348",="8234","新漢","23.55","+0.05","+0.21","2021","0","0","2.31","-1.77","3.82","0","26","+2.48","67.8","-0.71","0","0"
"349",="6142","友勁","11.65","0","0","2021","0","0","5.89","+3.31","3.8","-3.86","45.7","+23.3","44.6","-22.7","0","0"
"350",="6491","晶碩","473","+12.5","+2.71","2021","0","0","14.6","+10.8","3.79","+3.79","49.9","+0.98","31.7","-15.6","0","0"
"351",="4746","台耀","56.6","-0.9","-1.57","2021","0","0","4.07","+1.49","3.79","-2.02","10.6","-3.03","81.5","+3.56","0","0"
"352",="6525","捷敏-KY","100.5","-1.5","-1.47","2021","0","0","14.4","+3.87","3.75","-0.24","52.1","-0.41","29.7","-3.23","0","0"
"353",="4198","欣大健康","6.15","+0.33","+5.67","2021","0","0","16","-0.54","3.73","0","4.73","-8.94","75.5","+9.48","0","0"
"354",="5876","上海商銀","46.75","+0.05","+0.11","2021","0.46","+0.23","56","-0.65","3.73","+1.6","10.3","-0.36","29.5","-0.82","0","0"
"355",="1598","岱宇","62","-0.6","-0.96","2021","0","0","9.8","+1.88","3.71","+3.62","31.4","-3.5","50.3","-0.08","4.78","-1.91"
"356",="4935","茂林-KY","76.5","-1.2","-1.54","2021","3.68","-4.05","25.4","-3.53","3.69","-20","19.1","+2.12","48.2","+25.5","0","0"
"357",="2421","建準","42.55","+3.85","+9.95","2021","0.14","-1.2","22.4","-2.56","3.69","-1.97","19.4","-1.48","54.4","+7.2","0","0"
"358",="3324","雙鴻","178","+2","+1.14","2021","2.96","+2.23","6.09","-1.19","3.69","+1.58","2.7","+1.51","81.7","-6.2","2.91","+2.06"
"359",="4564","元翎","41.4","-0.6","-1.43","2021","0","0","1.53","-0.83","3.63","-0.43","13.8","-2.59","81.1","+3.85","0","0"
"360",="6290","良維","52.8","-0.3","-0.56","2021","0","0","2.84","-2.45","3.61","-3.93","15.4","-6.85","78.1","+13.2","0","0"
"361",="4506","崇友","65.1","-0.2","-0.31","2021","0","0","6.46","-1.36","3.58","-0.03","62.7","-0.03","27.2","+1.42","0","0"
"362",="2344","華邦電","29.7","-0.85","-2.78","2021","1.15","+0.38","22.4","+1.24","3.55","+1.8","29.1","+0.68","43.8","-4.1","0","0"
"363",="8163","達方","42.9","-0.35","-0.81","2021","0.19","-0.17","17.7","+0.96","3.55","+1.76","26.8","+0.38","51.8","-2.93","0","0"
"364",="1730","花仙子","63.6","+0.1","+0.16","2021","0","0","11.4","+2.63","3.55","+0.22","20.9","+2.21","64.2","-5.06","0","0"
"365",="3036","文曄","64.9","-0.4","-0.61","2021","0.16","-0.18","12.1","-12.6","3.53","-2.3","58.8","+45.7","25.4","-30.5","0","0"
"366",="2204","中華","66","-0.4","-0.6","2021","0.72","+0.32","29.2","+0.39","3.51","-3.02","46.2","+0.47","20.3","+1.84","0","0"
"367",="6282","康舒","35.9","-0.1","-0.28","2021","0","0","8.42","-5.99","3.5","+0.53","28.3","-0.2","59.8","+5.67","0","0"
"368",="1903","士紙","72.5","+0.1","+0.14","2021","0","0","14.6","-0.36","3.46","0","42","+0.93","39.9","-0.57","0","0"
"369",="8464","億豐","380","-3","-0.78","2021","0.53","+0.06","44.1","+3.09","3.44","-1.81","7.8","+0.42","44.2","-1.75","0","0"
"370",="6747","亨泰光","334.5","-6","-1.76","2021","0","","0.99","","3.43","","39.2","","56.4","","0",""
"371",="8942","森鉅","68.5","+0.4","+0.59","2021","0","0","23.3","-0.73","3.41","-0.05","10.2","+1.14","62","-0.36","1.15","0"
"372",="4438","廣越","137.5","+2.5","+1.85","2021","0","0","2.28","-2.94","3.41","+1.39","52.5","+0.08","41.8","+1.48","0","0"
"373",="8081","致新","251.5","-3.5","-1.37","2021","2.95","-1.58","26.8","+11.6","3.4","-1.18","25","-0.43","41.9","-8.43","0","0"
"374",="2455","全新","141","+5","+3.68","2021","0.72","-4.81","33.3","+12.9","3.38","-9.43","13.1","+2.15","49.5","-0.76","0","0"
"375",="2103","台橡","32.2","-0.4","-1.23","2021","0.41","+0.34","29.4","-2.98","3.37","+1.56","28.7","+3.51","38.2","-2.42","0","0"
"376",="8926","台汽電","37.65","-0.2","-0.53","2021","27.7","0","6.46","+0.07","3.37","-0.39","16.6","-0.63","45.9","+0.95","0","0"
"377",="1503","士電","54.1","0","0","2021","0.12","0","32","-0.13","3.34","0","43.6","+0.43","21","-0.3","0","0"
"378",="3587","閎康","138.5","+0.5","+0.36","2021","0","0","5.21","+2.32","3.34","0","36.8","-4.3","54.7","+1.99","0","0"
"379",="8155","博智","149","-2.5","-1.65","2021","0","0","0.97","-0.72","3.32","-13.1","43.2","+0.14","52.5","+13.6","0","0"
"380",="3016","嘉晶","143","+13","+10","2021","0","0","1.17","+0.3","3.31","+2.66","63.9","-2.6","31.6","-0.35","0","0"
"381",="4572","駐龍","104","-5","-4.59","2021","0","0","0.9","+0.46","3.27","+0.65","31.6","-2.61","64.2","+1.5","0","0"
"382",="1560","中砂","91","+2.2","+2.48","2021","0","0","13.1","+0.39","3.24","+1.5","20.9","-2.32","62.7","+0.43","0","0"
"383",="4977","眾達-KY","86.3","-0.5","-0.58","2021","0","0","37.5","-1.52","3.22","-7.3","9.54","+1.2","49.7","+7.88","0","-0.26"
"384",="4429","聚紡","40.2","+0.55","+1.39","2021","0","0","0.05","+0.04","3.21","-0.01","62.9","+2.4","33.7","-2.51","0.08","+0.08"
"385",="6531","愛普*","520","-17","-3.17","2021","0","0","14.7","+3.02","3.17","+2.83","38.5","-4.3","43.3","-1.55","0.35","0"
"386",="3041","揚智","39.2","+0.7","+1.82","2021","0","0","9.45","+1.62","3.14","+0.85","0.87","+0.3","85.5","-2","1.07","-0.77"
"387",="5439","高技","64.2","-0.5","-0.77","2021","0","0","3.08","+0.79","3.13","-1.68","9.25","+0.62","84.5","+0.28","0","0"
"388",="4190","佐登-KY","75.1","-1.9","-2.47","2021","0","0","64.3","+0.49","3.13","-2.26","5.1","+0.94","27.4","+0.82","0","0"
"389",="8462","柏文","140.5","-1","-0.71","2021","0","-0.35","2.93","+0.73","3.12","+0.05","35.5","-2.66","58.4","+2.27","0","-0.03"
"390",="1773","勝一","136","-0.5","-0.37","2021","0","-0.05","2.67","+0.08","3.1","-2.8","48.6","+2.74","45.6","+0.02","0","0"
"391",="3551","世禾","69.4","-0.3","-0.43","2021","0","0","5.63","-0.14","3.09","+0.31","20.1","+2.74","71.2","-2.9","0","0"
"392",="6561","是方","285","-2.5","-0.87","2021","0","-0.29","15.6","+4.1","3.06","-3.65","63.4","+0.07","18","-0.23","0","0"
"393",="1521","大億","41.95","-0.25","-0.59","2021","0","0","33.5","-0.14","3.03","-1.44","35.9","-0.3","27.5","+1.87","0","0"
"394",="8938","明安","76.7","-0.5","-0.65","2021","0","0","12.6","+1.69","3.01","+2.32","38.6","+5.75","45.8","-9.76","0","0"
"395",="2880","華南金","20.95","-0.25","-1.18","2021","27.5","-0.18","17.6","-2.33","3.01","+0.01","20.2","-0.17","31.8","+2.68","0","0"
"396",="5603","陸海","30.7","-0.65","-2.07","2021","0","0","9.35","+2.34","3.01","0","16.4","-6.43","71.3","+4.09","0","0"
"397",="2312","金寶","13.65","-0.1","-0.73","2021","0","0","13.6","-2.26","2.98","-8.66","17.4","-0.6","64.1","+12.9","1.94","-1.4"
"398",="2013","中鋼構","50.6","-1.3","-2.5","2021","0","0","9.55","+2.25","2.95","-0.05","47","-2.92","40.5","+0.72","0","0"
"399",="8112","至上","44","-0.35","-0.79","2021","0","0","23","-9.02","2.93","-1.26","8.83","+2.32","65.2","+8.47","0","-0.51"
"400",="4126","太醫","73.1","-1","-1.35","2021","0.19","+0.19","16.6","-10.4","2.91","+1.16","4.65","+1.45","75.7","+7.6","0","0"
"401",="3679","新至陞","83.9","-0.8","-0.94","2021","0","0","15.8","+2.04","2.89","-0.01","42.4","+6.27","38.9","-8.3","0","0"
"402",="6684","安格","203","+6.5","+3.31","2021","0","","4.95","","2.85","","40.2","","51.7","","0.27",""
"403",="9918","欣天然","43.15","-0.4","-0.92","2021","25.8","0","2.24","+0.07","2.83","+0.01","34.2","-0.11","34.9","+0.03","0","0"
"404",="5283","禾聯碩","118","0","0","2021","0","0","4.78","+4.36","2.83","+0.52","37.7","+25.2","54.7","-30","0","0"
"405",="2618","長榮航","27.2","-1.1","-3.89","2021","1.83","+0.54","20.2","-7.49","2.81","+2.25","34.8","-1.94","40.4","+6.63","0","0"
"406",="4120","友華","39","-0.05","-0.13","2021","0","0","6.84","-0.39","2.78","0","46","+2.42","44.4","-2.02","0","0"
"407",="2375","凱美","92.4","+0.4","+0.43","2021","0","0","6.47","+1.58","2.78","+2.59","13.8","+0.69","76.9","-4.86","0.06","0"
"408",="2373","震旦行","89.4","-0.1","-0.11","2021","0","0","1.81","-0.07","2.77","-0.28","76.6","+0.32","18.8","+0.04","0","0"
"409",="2104","國際中橡","26.6","+0.25","+0.95","2021","0","0","14","+1.36","2.77","-0.54","33.5","-1.39","49.8","+0.56","0","0"
"410",="4706","大恭","18.9","0","0","2021","0","0","30.7","+0.05","2.72","-0.39","6","-0.03","60.6","+0.37","0","0"
"411",="6024","群益期","39","-0.1","-0.26","2021","0","0","1.7","-0.65","2.72","+0.1","62","-1.52","33.6","+2.08","0","0"
"412",="2481","強茂","111.5","+5.5","+5.19","2021","0","-0.3","18.8","+7.22","2.72","-2.06","20.1","+1.45","58.2","-6.52","0.21","+0.21"
"413",="4999","鑫禾","41.6","-0.25","-0.6","2021","0","0","5.46","-3.7","2.71","-8.12","10.2","-1.9","81.6","+13.7","0","0"
"414",="2609","陽明","107.5","-2","-1.83","2021","35.4","-12.2","7.91","+2.59","2.7","-2.97","7.68","+2.02","46.3","+10.6","0","0"
"415",="6224","聚鼎","118","-2.5","-2.07","2021","0","0","11.2","-5.82","2.7","+2.26","21.5","-1.87","64.7","+5.43","0","0"
"416",="2849","安泰銀","16.75","0","0","2021","0","0","59","+0.11","2.68","+0.02","36.7","+0.01","1.52","-0.14","0","0"
"417",="6136","富爾特","21.45","+1.95","+10","2021","0","0","4.21","-0.25","2.66","+0.01","3.52","+0.32","89.6","-0.08","0","0"
"418",="4529","淳紳","13.05","+1.15","+9.66","2021","0","0","16.6","-0.4","2.65","+0.88","11.7","+1.09","69.1","-1.57","0","0"
"419",="2063","世鎧","36.8","-0.1","-0.27","2021","0","0","0.73","+0.64","2.58","-0.05","32.4","+0.35","64.3","-0.94","0","0"
"420",="6541","泰福-KY","50.9","+1.1","+2.21","2021","0","0","38.2","-0.98","2.57","-1.04","34.5","-1.8","24.7","+3.82","0","0"
"421",="6781","AES-KY","1460","-25","-1.68","2021","0","","72.3","","2.57","","2.88","","22.3","","0",""
"422",="8050","廣積","39.5","-0.25","-0.63","2021","0","0","3.08","-0.12","2.57","-0.07","35.7","+0.25","55.7","-0.05","2.95","0"
"423",="6104","創惟","188.5","-1.5","-0.79","2021","0","0","2.1","-2.13","2.56","+1.42","4.12","-0.43","91.2","+1.14","0","0"
"424",="3492","長盛","19.3","-0.05","-0.26","2021","0","0","0.54","+0.48","2.53","0","36.4","-0.31","60.6","-0.17","0","0"
"425",="6261","久元","87.1","-1.3","-1.47","2021","0","0","17.6","+5.69","2.53","+0.33","22.2","+0.33","57.6","-6.35","0","0"
"426",="6263","普萊德","68","0","0","2021","0","0","1.93","-0.41","2.53","+0.01","29.1","+0.03","66.4","+0.38","0","0"
"427",="8039","台虹","46.1","-0.05","-0.11","2021","6.56","+3.98","19.9","-2.46","2.53","-2.91","25","+2.7","46","-1.3","0","0"
"428",="1419","新紡","41.55","-0.35","-0.84","2021","0","0","2.3","+0.06","2.52","+0.01","80.2","-0.8","15","+0.72","0","0"
"429",="2881","富邦金","74.8","-1.6","-2.09","2021","18.8","-0.66","25.4","-0.39","2.51","-2.82","28.1","+3.42","25.2","+0.44","0","0"
"430",="4767","誠泰科技","28.85","+0.6","+2.12","2021","0","0","2.8","+0.32","2.51","0","37.8","-2.69","56.9","+2.37","0","0"
"431",="8924","大田","161.5","-1.5","-0.92","2021","0","0","12.9","+5.91","2.48","+0.32","15","+2.8","69.6","-9.03","0","0"
"432",="6605","帝寶","59.3","+0.4","+0.68","2021","0","0","13.3","+1.06","2.48","-0.83","29.8","-0.53","54.3","+0.3","0","0"
"433",="5484","慧友","16.2","+0.2","+1.25","2021","0","0","0.96","+0.47","2.48","0","21.1","+5.21","75.5","-5.69","0","0"
"434",="2353","宏碁","27.65","+0.1","+0.36","2021","0.34","+0.1","42.9","+15.4","2.48","+1.09","4.22","-1.26","50","-14.4","0","-0.88"
"435",="5903","全家","256","+1","+0.39","2021","1.54","-0.34","53.8","+0.33","2.48","+0.06","34.7","-0.05","7.49","0","0","0"
"436",="1762","中化生","62.1","-1","-1.58","2021","0","0","2.92","+0.56","2.45","+2.45","28.1","-0.73","66.5","-2.29","0","0"
"437",="2014","中鴻","32.85","-1.05","-3.1","2021","0","0","9.16","+4.47","2.44","-1.09","45.4","+4.07","43","-7.45","0","0"
"438",="3308","聯德","7.78","-0.06","-0.77","2021","0","0","0.22","+0.13","2.41","0","24.1","-1.13","73.3","+1","0","0"
"439",="3088","艾訊","54.3","0","0","2021","0","-0.06","4.18","-3.93","2.41","-0.01","34.8","+3.16","58.6","+0.85","0","0"
"440",="3015","全漢","42.6","-0.5","-1.16","2021","0","0","12.8","+1.41","2.41","+0.31","23.4","+2.19","61.4","-2.25","0","-1.65"
"441",="3028","增你強","30.5","-0.55","-1.77","2021","0","0","7.43","+2.54","2.4","-0.38","15.7","+1.22","74.5","-3.38","0","0"
"442",="4737","華廣","67.3","+0.1","+0.15","2021","0","0","23.3","-6.85","2.35","-0.03","17.9","+1.95","53.2","+4.96","3.21","-0.04"
"443",="2066","世德","61.4","+0.8","+1.32","2021","0","0","10.2","+0.1","2.35","+0.07","33.7","+0.94","51.7","-2.24","2.05","+1.13"
"444",="6499","益安","66","-0.7","-1.05","2021","0","0","11.7","-0.09","2.34","0","49.7","-1.83","35.7","+1.33","0.59","+0.59"
"445",="3030","德律","57.4","-0.5","-0.86","2021","0","0","18.7","-3.51","2.32","-1.64","13.3","+0.66","65.7","+4.49","0","0"
"446",="6535","順藥","41.05","+1.65","+4.19","2021","0","0","1.13","-0.2","2.28","+2.28","54.9","+3.61","41.7","-5.69","0","0"
"447",="6196","帆宣","149.5","-4","-2.61","2021","0","0","3.04","-1.29","2.27","+0.84","59.8","+0.91","34.9","-0.46","0","0"
"448",="3632","研勤","8.06","-0.14","-1.71","2021","0","0","0.18","+0.01","2.25","+0.74","0.06","+0.02","97.5","-0.76","0","0"
"449",="2610","華航","27.65","-0.7","-2.47","2021","9.59","0","8.84","-4.59","2.23","+0.92","41","-4.81","38.4","+8.49","0","0"
"450",="9930","中聯資源","44.85","-0.05","-0.11","2021","0","0","2.22","+0.17","2.22","-1.09","73.3","+0.16","22.3","+0.76","0","0"
"451",="3218","大學光","287","+2.5","+0.88","2021","0.96","+0.96","28.8","+22.7","2.22","+1.85","19.7","-2.09","48.3","-23.4","0","0"
"452",="6279","胡連","133.5","-1","-0.74","2021","2.36","+2.36","8.44","-0.54","2.2","-0.58","6.65","+0.29","80.3","-1.53","0","0"
"453",="6589","台康生技","103.5","-3","-2.82","2021","7.31","-0.53","3.26","-1.38","2.15","-2.41","29.8","-7.52","57.5","+11.9","0","-0.1"
"454",="2615","萬海","156","-4.5","-2.8","2021","0.51","+0.12","43","+1.22","2.15","+0.71","34.1","+0.73","20.2","-2.78","0","0"
"455",="4736","泰博","169","0","0","2021","0","0","7.56","-1.8","2.14","-5.34","13.1","-2.02","77.2","+9.16","0","0"
"456",="3652","精聯","24.7","+0.6","+2.49","2021","0","0","0.17","-4.31","2.12","0","66.4","+5.39","31.3","-1.08","0","0"
"457",="2617","台航","35.65","-0.95","-2.6","2021","26.5","0","5.97","+2.68","2.12","+0.31","26.9","-8.16","38.6","+5.18","0","0"
"458",="3666","光耀","31.35","-0.45","-1.42","2021","0","0","3.32","+3.21","2.1","+2.09","42.5","-6.12","52.1","+0.82","0","0"
"459",="6449","鈺邦","56.1","0","0","2021","0","0","5.17","+3.39","2.1","+0.5","49.1","-0.26","43.7","-3.63","0","0"
"460",="2201","裕隆","43.3","+0.2","+0.46","2021","0.01","-0.83","7.59","+1.06","2.08","-4.78","46.4","+0.82","43.9","+3.73","0","0"
"461",="2520","冠德","38.55","+0.1","+0.26","2021","0","0","17.7","-3.02","2.05","+1.27","29.3","-2.38","51","+4.12","0","0"
"462",="3691","碩禾","179","-2","-1.1","2021","2.71","+2.71","8.08","+4.28","2.05","+1.74","53.2","-5.74","32.8","-2.94","1.14","-0.04"
"463",="4162","智擎","57.3","+0.6","+1.06","2021","15.8","-1.9","4.68","-1.35","2.04","-0.28","18.2","-0.42","58.6","+3.96","0.68","0"
"464",="9958","世紀鋼","111.5","+2.5","+2.29","2021","1.98","+1.36","4.75","+1.07","2.04","-2.7","25","-8.31","66.2","+8.59","0","0"
"465",="5263","智崴","154","+3.5","+2.33","2021","0","-0.04","10.9","+0.58","2.03","+0.55","26.8","-1.42","60.4","+0.33","0","0"
"466",="4979","華星光","19.2","-0.5","-2.54","2021","0","0","2.74","-1.1","2.03","+0.06","29.9","+7.5","65.3","-6.43","0.01","-0.01"
"467",="3058","立德","17.15","+0.05","+0.29","2021","0","0","4.78","+2.88","2.03","-0.09","9.25","-2.67","80.6","+0.95","3.31","-1.07"
"468",="5438","東友","18.35","+0.15","+0.82","2021","0","0","0.55","+0.01","2.02","-5.34","44.1","+5.56","53.3","-0.23","0","0"
"469",="8044","網家","139","-7","-4.79","2021","0","0","29.3","-13.2","2.02","+1.34","18.7","+0.54","49.2","+10.5","0.79","+0.79"
"470",="4174","浩鼎","106.5","-2","-1.84","2021","0","0","12.6","+0.25","2.01","+1.71","32.3","+0.03","53.1","-1.99","0","0"
"471",="2354","鴻準","66.7","-0.4","-0.6","2021","0.52","-2.62","18.8","-7.71","2","-1.91","35.9","-0.42","42.8","+12.7","0","0"
"472",="2755","揚秦","56","0","0","2021","0","0","0.68","+0.67","2","-1.15","49.1","-0.48","48.2","+0.96","0","0"
"473",="4561","健椿","29","+0.25","+0.87","2021","0","0","0.26","+0.25","1.99","-5.22","31.4","-1.07","66.4","+6.04","0","0"
"474",="6285","啟碁","75.8","-0.3","-0.39","2021","4.91","+1.69","9.36","-7.34","1.98","-0.76","41.2","+6.98","42.5","-0.59","0.02","+0.02"
"475",="3303","岱稜","26.45","-0.15","-0.56","2021","0","0","2","-0.44","1.98","-1.66","12.5","-0.64","80.3","+2.59","3.18","+0.15"
"476",="6767","台微醫","30.05","-0.05","-0.17","2021","0","","0.06","","1.96","","42.7","","55.3","","0",""
"477",="5704","老爺知","30.1","+0.1","+0.33","2021","0","0","0.05","+0.05","1.94","-1","28.5","+0.12","69.6","+0.83","0","0"
"478",="5222","全訊","216.5","0","0","2021","0","0","3.19","-0.5","1.94","-0.71","8.87","-1.65","86","+2.86","0","0"
"479",="3046","建碁","30.4","+2.75","+9.95","2021","0","0","1.68","+0.24","1.93","-0.02","52.5","-1.66","43.9","+1.44","0","0"
"480",="6612","奈米醫材","61.5","0","0","2021","0","0","27.5","-0.71","1.92","-0.51","16.1","+0.65","54.5","+0.57","0","0"
"481",="6643","M31","454","+1.5","+0.33","2021","0","0","11","+2.49","1.92","+0.32","5.64","-0.43","80.8","-2.83","0.67","+0.46"
"482",="6230","尼得科超眾","167","-1","-0.6","2021","0","-1.68","84.8","+19.2","1.92","-3.48","0.45","-7.91","12.8","-6.17","0","0"
"483",="8222","寶一","15.15","-0.05","-0.33","2021","0","0","0.74","+0.29","1.92","-3.04","23.7","-5.68","73.6","+8.43","0","0"
"484",="2392","正崴","39.1","-0.1","-0.26","2021","0.22","-0.27","14.7","+0.6","1.91","-1.47","33.2","+0.14","50","+0.99","0","0"
"485",="8473","山林水","33.95","0","0","2021","0","0","0.88","-0.04","1.91","-0.75","76.7","+0.21","20.5","+0.59","0","0"
"486",="4915","致伸","55.5","-1.8","-3.14","2021","3.44","+1.84","59.8","+2.77","1.91","-1.8","4.39","+2.88","30.5","-5.69","0","-0.01"
"487",="9931","欣高","39.85","-0.1","-0.25","2021","21.3","0","0.71","+0.32","1.9","0","45","+0.51","31.2","-0.83","0","0"
"488",="5236","凌陽創新","179","-5","-2.72","2021","0","","2.87","","1.9","","58.7","","36.6","","0",""
"489",="5299","杰力","195","-2","-1.02","2021","0","0","3.06","-0.31","1.85","-1.54","27.5","0","67.6","+1.84","0","0"
"490",="8255","朋程","264","+12.5","+4.97","2021","0","0","1.66","-0.52","1.84","-6.72","32.1","+2.47","64.4","+4.77","0","0"
"491",="6451","訊芯-KY","96.1","+0.7","+0.73","2021","0","-4.19","61.7","-1.61","1.83","-1.83","0.51","+0.11","35.1","+8.36","0.82","-0.83"
"492",="2020","美亞","30.5","-0.1","-0.33","2021","0","0","3.36","+0.99","1.81","-0.23","52.9","-2.01","42","+1.25","0","0"
"493",="1817","凱撒衛","36.6","+0.1","+0.27","2021","0","0","1.4","-0.13","1.81","-1.5","6.37","+1","89.7","-0.09","0.72","+0.72"
"494",="3515","華擎","240.5","-7.5","-3.02","2021","0","0","5.66","+1.61","1.8","-6.96","64.6","+2.86","27.9","+2.49","0","0"
"495",="8027","鈦昇","68.7","0","0","2021","0","0","5.5","-1.44","1.8","+1.8","1.56","+0.07","89.8","+0.3","1.34","-0.73"
"496",="5904","寶雅","501","-5","-0.99","2021","0.4","+0.39","37.3","+0.7","1.78","+0.33","44","-1.19","16.5","-0.23","0","0"
"497",="1614","三洋電","36.45","-0.4","-1.09","2021","0","-0.04","2.32","+0.19","1.77","-0.18","56.6","-0.33","39.3","+0.35","0","0"
"498",="3019","亞光","93.3","+2.7","+2.98","2021","0","0","10.1","-2.21","1.77","-1.54","11.2","-0.73","76.9","+4.48","0","0"
"499",="6492","生華科","87.6","-3.1","-3.42","2021","0","0","10.2","-14.2","1.77","+1.05","28.3","-18.3","59.7","+31.5","0.04","-0.01"
"500",="6625","必應","32.65","+2.95","+9.93","2021","0","0","1.71","+1.66","1.75","-3.47","64.4","+1.72","30.8","+0.37","1.41","-0.28"
"501",="4942","嘉彰","46.6","-0.15","-0.32","2021","0","0","16.8","-0.17","1.74","-2.38","34.1","-0.32","47.4","+2.87","0","0"
"502",="6505","台塑化","98.8","-1.7","-1.69","2021","0.75","+0.18","7.31","-0.17","1.7","+0.16","87.6","+0.14","2.66","-0.32","0","0"
"503",="4123","晟德","62.3","-1.2","-1.89","2021","0","0","6.23","-8.64","1.7","-1.59","30.3","+1.63","61.5","+9.49","0.28","-0.9"
"504",="3558","神準","96","0","0","2021","0","0","6.29","-1.09","1.7","+0.12","46.9","-0.96","45.1","+1.93","0","0"
"505",="1323","永裕","35.3","+0.15","+0.43","2021","0.07","+0.04","3.18","+0.16","1.69","0","29.7","+7","65.4","-7.2","0","0"
"506",="3479","安勤","50.2","0","0","2021","0","0","1.9","-7.02","1.68","+0.11","31.5","+0.78","64.9","+6.13","0","0"
"507",="8131","福懋科","39.15","-0.35","-0.89","2021","0.23","-0.01","5.81","+0.08","1.67","-0.32","71.4","+0.26","20.9","-0.01","0","0"
"508",="2227","裕日車","250","-1.5","-0.6","2021","0.18","-0.08","40.9","+0.09","1.66","+0.27","53.6","-0.23","3.71","-0.04","0","0"
"509",="8476","台境","57.5","0","0","2021","0","0","0.01","-0.09","1.64","0","29.6","-0.05","68.7","+0.15","0","0"
"510",="2395","研華","382.5","-2.5","-0.65","2021","0","0","41.6","+1.19","1.62","+0.05","46.7","-0.92","10.1","-0.31","0","0"
"511",="3260","威剛","85.5","-3","-3.39","2021","0.23","+0.05","12","+2.35","1.62","+1.57","14.1","+5.74","69.8","-10.1","2.15","+0.35"
"512",="6415","矽力-KY","5250","-55","-1.04","2021","0.38","-0.56","93.8","+1.79","1.59","-1.28","0.1","-0.05","4.14","+0.11","0","0"
"513",="1305","華夏","35","-0.05","-0.14","2021","0.65","-0.78","24.1","+7.9","1.58","+0.34","41.6","-1.1","32.1","-6.36","0","0"
"514",="3014","聯陽","108.5","-2","-1.81","2021","0.94","+0.14","12.5","-8.57","1.56","-1.2","16","+0.11","69","+9.52","0","0"
"515",="3532","台勝科","191","+1","+0.53","2021","0","0","53.5","+5.37","1.56","-5.17","38.5","-0.06","6.38","-0.14","0","0"
"516",="2338","光罩","110.5","+8","+7.8","2021","0","0","2.8","+0.6","1.55","+0.51","19.1","-1.12","72.6","+2.87","3.96","-2.86"
"517",="6116","彩晶","16.25","+0.3","+1.88","2021","0.26","-0.15","12.2","+1.68","1.55","+1.3","27.9","+2.77","58.1","-5.6","0","0"
"518",="5871","中租-KY","251","-2.5","-0.99","2021","0.65","-0.04","78.7","+4.07","1.53","+0.58","8.51","-0.13","10.6","-4.48","0","0"
"519",="3374","精材","143","+1","+0.7","2021","0","0","6.2","-0.78","1.52","-1.66","43.5","+0.42","48.7","+2.02","0","0"
"520",="2451","創見","71.1","+0.5","+0.71","2021","0","0","9.69","-4.65","1.52","-7.75","57.5","+1.67","31.3","+10.7","0","0"
"521",="3705","永信","43.65","-0.1","-0.23","2021","0","0","13.1","+0.25","1.49","-2.13","11.4","+3.63","74","-1.75","0","0"
"522",="6217","中探針","56.3","-0.7","-1.23","2021","0","0","1.37","-0.34","1.49","-0.36","10.9","-6.93","86.3","+7.62","0","0"
"523",="8367","建新國際","53.6","-0.8","-1.47","2021","0","0","1.71","+0.33","1.48","-0.15","30.2","+0.22","66.6","-0.4","0","0"
"524",="4760","勤凱","100","0","0","2021","0","0","0.39","-16.5","1.47","+1.43","12.3","-2.91","79.5","+11.6","6.36","+6.36"
"525",="3711","日月光投控","106","0","0","2021","2.89","-0.37","71.6","+3.75","1.46","-0.85","11.8","-3.85","12.2","+1.32","0","0"
"526",="8054","安國","64.9","+0.6","+0.93","2021","0","0","3.12","+0.76","1.45","-0.94","4.81","-0.99","90.6","+7.88","0","-6.71"
"527",="1240","茂生農經","51","-0.1","-0.2","2021","0","0","0.24","-0.15","1.45","0","13.4","+0.13","84.9","+0.02","0","0"
"528",="6509","聚和","73","-0.7","-0.95","2021","0","0","4.73","-0.61","1.44","+0.02","9.35","-8.66","84.5","+10.1","0","-0.84"
"529",="2034","允強","31.1","-0.2","-0.64","2021","0","0","9.67","-1.93","1.44","0","27.6","-0.32","61.2","+2.25","0","0"
"530",="3029","零壹","45.1","-0.4","-0.88","2021","0","0","3.04","-0.15","1.43","+0.86","14.4","+1.54","81.2","-2.25","0","0"
"531",="2888","新光金","11.25","-0.3","-2.6","2021","0.05","-0.09","18.4","-2.11","1.41","-0.37","28.8","-0.11","51.3","+2.95","0","-0.27"
"532",="3221","台嘉碩","40.35","-1.05","-2.54","2021","0","0","3.19","-0.51","1.39","+1.13","17.2","+1.81","77.6","-1.86","0.55","-0.56"
"533",="1229","聯華","57.3","-0.6","-1.04","2021","0","0","11.8","-1.62","1.37","-0.02","40.5","+0.59","46.4","+1.05","0","0"
"534",="2852","第一保","14.75","0","0","2021","0","0","3.53","-0.61","1.37","-0.15","38","-1.83","57.1","+2.6","0","0"
"535",="3706","神達","34.4","+2.3","+7.17","2021","0","0","10.6","-7.82","1.34","-6.48","31.9","+1.11","56.1","+13.2","0","0"
"536",="8083","瑞穎","173","+0.5","+0.29","2021","0","0","0.75","-0.1","1.34","+1.05","24.8","-1.64","73.1","+0.69","0","0"
"537",="5443","均豪","34","-0.45","-1.31","2021","0","0","5.48","+1.09","1.32","-1.27","27.7","+5.1","61.9","-7.08","3.63","+2.16"
"538",="1795","美時","114.5","-2.5","-2.14","2021","0","0","71","+1.18","1.31","-0.02","0.42","-0.41","27.3","-0.76","0","0"
"539",="2314","台揚","86.8","+0.8","+0.93","2021","0","0","5.65","+4.27","1.3","-0.92","30.5","-0.33","62.6","-3.02","0","0"
"540",="3059","華晶科","39.55","-0.3","-0.75","2021","0","0","11","-1.59","1.29","+1.26","11.7","-5.81","72","+5","3.99","+1.13"
"541",="6426","統新","77.6","-1.3","-1.65","2021","0","0","5.77","-1.72","1.27","-4.2","33.5","+0.99","59.4","+4.93","0.02","0"
"542",="8271","宇瞻","45.85","-1.15","-2.45","2021","0","0","4.24","-12.1","1.26","-1.35","10.9","-0.85","83.6","+14.3","0","0"
"543",="1605","華新","27.45","0","0","2021","0.26","+0.1","23.2","+1.17","1.26","-5.38","33","+9.95","42.3","-5.83","0","0"
"544",="6669","緯穎","1010","+26","+2.64","2021","0.82","-0.66","30.9","+6.16","1.25","-2.87","52.1","-0.36","14.9","-2.27","0","0"
"545",="6409","旭隼","1710","-60","-3.39","2021","0.07","-0.09","66.8","+1.74","1.23","-0.13","13.5","-0.69","18.4","-0.83","0","0"
"546",="2608","嘉里大榮","43.3","-0.5","-1.14","2021","0","0","10.3","+1.16","1.23","+0.83","63.3","+0.01","25.2","-1.99","0","0"
"547",="2340","光磊","55.9","+5","+9.82","2021","0","-0.9","18.4","-1.39","1.22","-4.72","9.2","-3.3","68.8","+7.96","2.35","+2.35"
"548",="2371","大同","38.85","+2.65","+7.32","2021","0","0","18.8","-21.6","1.22","-2.12","27.5","+0.95","52.5","+22.8","0","0"
"549",="6576","逸達","93.2","+3.2","+3.56","2021","0","0","32.1","-10.2","1.2","-0.22","8","-10.6","58.7","+21","0","0"
"550",="1735","日勝化","17.85","-0.1","-0.56","2021","0","0","50.3","+0.09","1.19","+0.19","7.83","-0.72","40.7","+0.44","0","0"
"551",="8215","明基材","38.8","+0.5","+1.31","2021","0","0","13.7","+11.2","1.18","+1.08","44.4","+0.29","40.7","-12.6","0","0"
"552",="3567","逸昌","35.9","+0.2","+0.56","2021","0","0","2.12","+1.58","1.17","+1.17","18.1","-0.78","78.1","-1.98","0.51","0"
"553",="6470","宇智","44.3","-0.55","-1.23","2021","0","0","11.1","+5.7","1.17","+1.02","23","-9.61","64.7","+2.89","0","0"
"554",="5340","建榮","39.35","-0.5","-1.25","2021","0","0","48.6","-0.5","1.16","+1.16","2.4","+0.23","47.9","-0.89","0","0"
"555",="2547","日勝生","10.3","+0.05","+0.49","2021","0","0","19.9","-2.26","1.16","+0.55","19.1","+0.25","59.8","+1.45","0","0"
"556",="1440","南紡","23.4","-0.15","-0.64","2021","0","0","6.43","-2.01","1.15","+1.15","20.2","+1.34","72.2","-0.49","0","0"
"557",="1582","信錦","68.9","0","0","2021","0","0","17.5","-11.4","1.15","-0.05","11.1","+0.18","70.2","+11.2","0","0"
"558",="2442","新美齊","11.85","+0.05","+0.42","2021","0","0","1.13","-2.31","1.15","-0.36","45.5","-2.94","52.2","+5.61","0","0"
"559",="4568","科際精密","64.3","0","0","2021","0","0","6.69","+0.1","1.15","+0.02","70","+0.4","21.3","-0.71","0.85","+0.2"
"560",="5243","乙盛-KY","71.7","-1.8","-2.45","2021","0.05","+0.05","54.2","-10.2","1.15","+1.02","1.13","+0.57","43.5","+8.57","0","0"
"561",="6743","安普新","81","+5.7","+7.57","2021","0","0","3.27","+0.36","1.15","+1.09","19.2","+0.16","76.4","-1.61","0","0"
"562",="1720","生達","40.1","0","0","2021","0","0","2.39","+0.67","1.13","-0.62","10.5","+0.17","86","-0.22","0","0"
"563",="3211","順達","94.4","-0.5","-0.53","2021","0","-0.03","17","+1.35","1.12","+1.11","21.9","+4.89","60.1","-7.33","0","0"
"564",="6411","晶焱","265","0","0","2021","0","0","3.48","-2.67","1.11","-1.64","17","-0.99","78.4","+5.3","0","0"
"565",="2546","根基","49.8","+0.35","+0.71","2021","0","0","3.42","+0.26","1.1","+0.88","44.6","-0.54","50.9","-0.61","0","0"
"566",="2732","六角","99.2","-1.3","-1.29","2021","0","0","6.17","-5.32","1.09","+0.72","41.3","+2.36","51.4","+2.25","0","0"
"567",="2926","誠品生活","59.2","-0.9","-1.5","2021","0","0","15","-0.05","1.09","-0.08","59.7","+0.06","24.2","+0.07","0","0"
"568",="4960","誠美材","13.1","-0.4","-2.96","2021","0","0","12.7","+0.11","1.08","+0.49","14.7","-3.28","71.5","+2.68","0","0"
"569",="8466","美吉吉-KY","53.7","-0.3","-0.56","2021","0","0","61.2","-0.11","1.08","0","0.3","-0.03","37.4","+0.14","0","0"
"570",="8499","鼎炫-KY","128","+1.5","+1.19","2021","0","0","70.7","-1.5","1.06","+1.06","1","-2.03","27.2","+2.48","0","0"
"571",="2539","櫻花建","31.15","-0.15","-0.48","2021","0","0","0.56","+0.4","1.06","-0.11","29.2","-1.58","69.2","+1.28","0","0"
"572",="1504","東元","31.35","-0.15","-0.48","2021","0.36","-0.37","25","-14.3","1.06","-1.27","49.4","+20.4","24.2","-4.46","0","0"
"573",="8489","三貝德","32.5","-0.75","-2.26","2021","0","0","2.23","-2.45","1.06","-0.31","17.5","-0.7","75.5","+4","3.68","-0.53"
"574",="5220","萬達光電","35.4","0","0","2021","0","0","1.24","+0.91","1.06","+1.06","23","-1.93","74.7","-0.04","0","0"
"575",="6180","橘子","61.1","+0.2","+0.33","2021","0","0","18.2","+0.71","1.05","+0.2","18.2","-0.26","62.5","+0.63","0","-1.28"
"576",="1907","永豐餘","33.8","-1.45","-4.11","2021","0.46","-0.07","17.7","+0.13","1.05","+0.05","37.9","+4.05","42.8","-4.17","0","0"
"577",="6477","安集","41.15","-0.3","-0.72","2021","0","0","5.65","+4.9","1.04","+0.37","27.2","-7.1","66.2","+1.82","0","0"
"578",="9945","潤泰新","67.1","-1.6","-2.33","2021","0.85","-0.43","15.2","-0.67","1.03","-1.28","50","+0.51","32.9","+1.88","0","0"
"579",="5478","智冠","93.6","0","0","2021","0.06","+0.06","33.8","-1.05","1.03","+0.12","10","+0.53","54.6","+0.25","0.44","+0.1"
"580",="8213","志超","48.45","-0.25","-0.51","2021","0","0","22.6","-3.19","1.03","+0.63","14.1","+0.63","58.6","+0.13","3.69","+1.8"
"581",="4943","康控-KY","33.65","-3.7","-9.91","2021","0","0","37.5","-0.68","1.02","-2.68","9.71","-2.97","51.3","+6.39","0.41","-0.06"
"582",="6139","亞翔","29.45","-0.3","-1.01","2021","0","-0.02","15.3","-1.34","1.02","-0.22","29.4","+0.74","54.3","+0.84","0","0"
"583",="6762","達亞","264","-5","-1.86","2021","0","0","1.34","+1","1.01","-1.74","53.9","-1.04","43.8","+1.78","0","0"
"584",="6715","嘉基","117.5","+1.5","+1.29","2021","0","0","1.59","-3.43","1.01","+1.01","60.3","+2.96","37.1","-0.53","0","0"
"585",="2419","仲琦","23.4","-0.1","-0.43","2021","0","0","2.69","-6.18","0.99","-0.36","61.1","+30.2","32.9","-23.6","2.33","0"
"586",="2247","汎德永業","215.5","-1","-0.46","2021","0","0","0.39","+0.39","0.99","+0.99","63.9","+0.02","34.7","-1.4","0","0"
"587",="1219","福壽","20.95","+0.05","+0.24","2021","0","0","4.87","+1.29","0.98","+0.12","20.8","-8.96","73.2","+7.48","0.11","+0.07"
"588",="3672","康聯訊","25.15","+0.45","+1.82","2021","0","0","0.04","+0.03","0.98","-3.22","26.8","+0.72","67.5","+3.04","4.66","-0.57"
"589",="6288","聯嘉","26.75","-0.45","-1.65","2021","0","0","0.63","-2.14","0.97","+0.97","36.4","-8.64","58.1","+5.98","3.83","+3.83"
"590",="4905","台聯電","50.9","+0.1","+0.2","2021","0","0","18.3","-0.86","0.97","+0.1","30.4","+0.39","50.3","+0.62","0","-0.26"
"591",="1776","展宇","22.25","-0.3","-1.33","2021","0","0","0.16","+0.12","0.96","+0.35","28.6","+0.24","70.3","-0.71","0","0"
"592",="3141","晶宏","250","-2.5","-0.99","2021","0","0","3.51","+0.59","0.95","+0.95","14.2","+3.66","79.7","-4.73","1.62","-0.47"
"593",="3605","宏致","50.1","+0.4","+0.8","2021","0","0","10.6","+1.3","0.95","-15","13.6","+13.6","74.9","+0.13","0","0"
"594",="2838","聯邦銀","12.3","-0.1","-0.81","2021","0","0","2.94","-0.07","0.94","+0.36","77.6","-0.18","18.5","-0.12","0","0"
"595",="6667","信紘科","72.6","-2.5","-3.33","2021","0","0","2.01","-0.15","0.94","-0.04","48.5","-3.59","48.5","+3.78","0","0"
"596",="8440","綠電","19.1","-0.05","-0.26","2021","0","0","1.11","+1.11","0.93","-5.12","56.1","-8.2","41.9","+12.2","0","0"
"597",="4971","IET-KY","82.3","-1","-1.2","2021","0","0","12.9","-3.07","0.93","-0.46","5.47","-0.53","79.3","+3.48","1.4","+0.58"
"598",="6756","威鋒電子","610","+55","+9.91","2021","0","0","0.84","+0.47","0.92","+0.92","62.2","+0.06","36","-1.45","0","0"
"599",="3380","明泰","29.8","-0.3","-1","2021","0","0","7.46","+0.63","0.92","-1.58","65.3","+16.4","26.4","-15.4","0","-0.01"
"600",="6173","信昌電","62.8","-0.2","-0.32","2021","0","0","2.54","+0.7","0.91","-0.07","45.3","+0.08","50.8","-1.18","0.47","+0.47"
